Name,Sex,Age,Height1,Weight1,Height2,Weight2,BMI,Team,Year,Season,City,Event,Medal
"Abigail Golda ""Abby"" Hoffman",F,29,175,58.37,68.8975,128.414,19.05959184,CAN,1976,Summer,Montreal,Athletics Women's 800 metres,None
Adrian Prosser,M,19,185,72.1,72.8345,158.62,21.06647188,CAN,1976,Summer,Montreal,"Cycling Men's Team Pursuit, 4,000 metres",None
"Alan ""Al"" Pilcher",M,18,180,70.86,70.866,155.892,21.87037037,CAN,1988,Winter,Calgary,Cross Country Skiing Men's 15 kilometres,None
"Albin ""Al"" Dukowski",M,22,178,66.07,70.0786,145.354,20.85279636,CAN,1976,Summer,Montreal,Athletics Men's 4 x 100 metres Relay,None
Alex Harvey,M,21,184,76.15,72.4408,167.53,22.49232042,CAN,2010,Winter,Vancouver,Cross Country Skiing Men's 15 kilometres,None
"Alexander Harold ""Alex"" Oakley",M,50,184,68.06,72.4408,149.732,20.10278828,CAN,1976,Summer,Montreal,Athletics Men's 20 kilometres Walk,None
"Alexander Timothy ""Tim"" McKee",M,23,173,70.73,68.1101,155.606,23.63259715,USA,1976,Summer,Montreal,Swimming Men's 400 metres Individual Medley,Silver
Allison Baver,F,29,160,58.53,62.992,128.766,22.86328125,USA,2010,Winter,Vancouver,"Short Track Speed Skating Women's 1,000 metres",None
"Alyson ""Aly"" Dudek",F,19,168,58.36,66.1416,128.392,20.67743764,USA,2010,Winter,Vancouver,Short Track Speed Skating Women's 500 metres,None
Anastasia Winchester Bucsis,F,20,178,67.76,70.0786,149.072,21.38618861,CAN,2010,Winter,Vancouver,Speed Skating Women's 500 metres,None
Andreas John Weigand,M,30,188,85.4,74.0156,187.88,24.16251698,USA,1976,Summer,Montreal,"Canoeing Men's Canadian Doubles, 500 metres",None
"Andrew Kelley ""Andy"" Newell",M,26,178,72.02,70.0786,158.444,22.73071582,USA,2010,Winter,Vancouver,Cross Country Skiing Men's 4 x 10 kilometres Relay,None
Andrs Istvn Tr,M,36,178,69.29,70.0786,152.438,21.86908219,USA,1976,Summer,Montreal,"Canoeing Men's Canadian Doubles, 1,000 metres",None
Angela E. Schmidt-Foster,F,28,172,62.64,67.7164,137.808,21.17360736,CAN,1988,Winter,Calgary,Cross Country Skiing Women's 5 kilometres,None
Angus Gault Morrison,M,24,189,92.1,74.4093,202.62,25.78315277,USA,1976,Summer,Montreal,"Canoeing Men's Canadian Singles, 500 metres",None
Ann Clare Turner,F,19,175,69.61,68.8975,153.142,22.72979592,USA,1976,Summer,Montreal,"Canoeing Women's Kayak Doubles, 500 metres",None
Anne Elizabeth Jardin (-Alexander),F,16,179,77.26,70.4723,169.972,24.1128554,CAN,1976,Summer,Montreal,Swimming Women's 100 metres Freestyle,None
Anne Marie Dodge (-Cooper),F,18,178,72.41,70.0786,159.302,22.85380634,CAN,1976,Summer,Montreal,"Canoeing Women's Kayak Doubles, 500 metres",None
Apolo Anton Ohno,M,27,173,69.3,68.1101,152.46,23.15479969,USA,2010,Winter,Vancouver,Short Track Speed Skating Men's 500 metres,None
Ariane Loignon,F,22,164,61.4,64.5668,135.08,22.82867341,CAN,1988,Winter,Calgary,Speed Skating Women's 500 metres,None
Arne Sorensen,M,42,185,80.2,72.8345,176.44,23.43316289,CAN,1976,Summer,Montreal,"Shooting Mixed Small-Bore Rifle, Prone, 50 metres",None
Barbara Lynne Clark (-Parolin),F,17,168,62.16,66.1416,136.752,22.02380952,CAN,1976,Summer,Montreal,Swimming Women's 100 metres Freestyle,None
"Benjamin Gene ""Benny"" Brown",M,22,180,74.8,70.866,164.56,23.08641975,USA,1976,Summer,Montreal,Athletics Men's 4 x 400 metres Relay,Gold
"Benot ""Ben"" Lamarche",M,21,177,73.65,69.6849,162.03,23.50857033,CAN,1988,Winter,Calgary,"Speed Skating Men's 1,500 metres",None
"Bohdan ""Don"" Domansky",M,29,180,77.86,70.866,171.292,24.0308642,CAN,1976,Summer,Montreal,Athletics Men's 400 metres,None
Bonnie Kathleen Blair (-Cruikshank),F,23,165,60.6,64.9605,133.32,22.25895317,USA,1988,Winter,Calgary,Speed Skating Women's 500 metres,Gold
Brenda Grace Borgh (-Bartlett),F,15,175,64.24,68.8975,141.328,20.97632653,USA,1976,Summer,Montreal,Swimming Women's 400 metres Freestyle,None
Brenda Louise Morehead,F,18,162,55.13,63.7794,121.286,21.00670629,USA,1976,Summer,Montreal,Athletics Women's 100 metres,None
Brendan Green,M,23,183,73.46,72.0471,161.612,21.93556093,CAN,2010,Winter,Vancouver,Biathlon Men's 4 x 7.5 kilometres Relay,None
Brent Howard Turner,M,22,183,74.85,72.0471,164.67,22.35062259,USA,1976,Summer,Montreal,"Canoeing Men's Kayak Fours, 1,000 metres",None
Brian Chewter,M,22,180,71.67,70.866,157.674,22.12037037,CAN,1976,Summer,Montreal,Cycling Men's 100 kilometres Team Time Trial,None
Brian Hansen,M,19,183,83.27,72.0471,183.194,24.86488101,USA,2010,Winter,Vancouver,"Speed Skating Men's 1,500 metres",None
Brian Saunders,M,24,183,68.35,72.0471,150.37,20.40968676,CAN,1976,Summer,Montreal,Athletics Men's 400 metres,None
Brian Stuart Goodell,M,17,173,67.64,68.1101,148.808,22.6001537,USA,1976,Summer,Montreal,Swimming Men's 400 metres Freestyle,Gold
Brittany Anne Schussler,F,24,170,63.9,66.929,140.58,22.11072664,CAN,2010,Winter,Vancouver,"Speed Skating Women's 1,000 metres",None
Bruce MacFarlane Furniss,M,19,183,73.1,72.0471,160.82,21.82806295,USA,1976,Summer,Montreal,Swimming Men's 200 metres Freestyle,Gold
Bruce Michael Barton,M,19,180,72.37,70.866,159.214,22.33641975,USA,1976,Summer,Montreal,"Canoeing Men's Kayak Doubles, 1,000 metres",None
Bruce Richard Robertson,M,23,178,70.79,70.0786,155.738,22.34250726,CAN,1976,Summer,Montreal,Swimming Men's 100 metres Freestyle,None
Caitlin Compton (-Gregg),F,29,165,58.87,64.9605,129.514,21.62350781,USA,2010,Winter,Vancouver,Cross Country Skiing Women's 10 kilometres,None
Camille Wright (-Thompson),F,21,173,59.77,68.1101,131.494,19.97059708,USA,1976,Summer,Montreal,Swimming Women's 100 metres Butterfly,None
Carol Gibson,F,23,178,65.24,70.0786,143.528,20.59083449,CAN,1988,Winter,Calgary,Cross Country Skiing Women's 5 kilometres,None
Caroline Maheux,F,18,162,61.82,63.7794,136.004,23.55586039,CAN,1988,Winter,Calgary,"Speed Skating Women's 1,500 metres",None
Catherine Raney Norman,F,29,170,66.54,66.929,146.388,23.02422145,USA,2010,Winter,Vancouver,"Speed Skating Women's 1,500 metres",None
Chad Paul Hedrick,M,32,180,77.89,70.866,171.358,24.04012346,USA,2010,Winter,Vancouver,"Speed Skating Men's 1,000 metres",Bronze
Chandra Crawford,F,26,175,68.94,68.8975,151.668,22.51102041,CAN,2010,Winter,Vancouver,Cross Country Skiing Women's 4 x 5 kilometres Relay,None
"Chandra Danette Cheeseborough (-Shellman, -Guice)",F,17,165,59,64.9605,129.8,21.67125803,USA,1976,Summer,Montreal,Athletics Women's 100 metres,None
Chantal Ct,F,23,152,59.51,59.8424,130.922,25.7574446,CAN,1988,Winter,Calgary,"Speed Skating Women's 1,500 metres",None
"Charles Clinton ""Chuck"" Lyda",M,23,188,81.33,74.0156,178.926,23.01097782,USA,1976,Summer,Montreal,"Canoeing Men's Canadian Doubles, 1,000 metres",None
"Charles Douglas ""Doug"" Brown",M,24,188,69.68,74.0156,153.296,19.71480308,USA,1976,Summer,Montreal,"Athletics Men's 3,000 metres Steeplechase",None
Charles Hamelin,M,25,175,71.66,68.8975,157.652,23.39918367,CAN,2010,Winter,Vancouver,Short Track Speed Skating Men's 500 metres,Gold
"Charles Humphrey Keating, III",M,20,186,81.85,73.2282,180.07,23.65880449,USA,1976,Summer,Montreal,Swimming Men's 200 metres Breaststroke,None
Charles Plamondon,M,26,175,71.31,68.8975,156.882,23.28489796,CAN,1988,Winter,Calgary,Biathlon Men's 10 kilometres Sprint,None
Charles Wayne Foster,M,23,180,72.51,70.866,159.522,22.37962963,USA,1976,Summer,Montreal,Athletics Men's 110 metres Hurdles,None
Cheryl Ann Gibson (-Brokop),F,16,173,59.79,68.1101,131.538,19.97727956,CAN,1976,Summer,Montreal,Swimming Women's 100 metres Backstroke,None
Christine Margaret Nesbitt,F,24,171,69.39,67.3227,152.658,23.73037858,CAN,2010,Winter,Vancouver,Speed Skating Women's 500 metres,None
"Christopher W. T. ""Chris"" Woo",M,18,178,75.03,70.0786,165.066,23.68072213,USA,1976,Summer,Montreal,Swimming Men's 100 metres Breaststroke,None
Clara Hughes,F,37,175,73.18,68.8975,160.996,23.8955102,CAN,2010,Winter,Vancouver,"Speed Skating Women's 3,000 metres",None
"Clark Todd Scully, Jr.",M,27,175,58.04,68.8975,127.688,18.95183673,USA,1976,Summer,Montreal,Athletics Men's 20 kilometres Walk,None
"Clayton T. ""Clay"" Evans",M,22,183,72.22,72.0471,158.884,21.5652901,CAN,1976,Summer,Montreal,Swimming Men's 100 metres Butterfly,None
Craig Steven Virgin,M,20,179,60.41,70.4723,132.902,18.85396835,USA,1976,Summer,Montreal,"Athletics Men's 10,000 metres",None
"Curtis John ""Curt"" Schreiner",M,20,175,75.99,68.8975,167.178,24.81306122,USA,1988,Winter,Calgary,Biathlon Men's 10 kilometres Sprint,None
"Cynthia Nicole ""Cindy"" Klassen",F,30,173,72.92,68.1101,160.424,24.36432891,CAN,2010,Winter,Vancouver,"Speed Skating Women's 1,500 metres",None
Cynthia Shepherd Poor (-Jensen),F,23,162,53.15,63.7794,116.93,20.25224813,USA,1976,Summer,Montreal,"Athletics Women's 1,500 metres",None
"Daniel ""Dan"" Shaughnessy",M,31,178,63.87,70.0786,140.514,20.15843959,CAN,1976,Summer,Montreal,"Athletics Men's 10,000 metres",None
"Daniel Ervin ""Dan"" Jansen",M,22,183,89.48,72.0471,196.856,26.71922124,USA,1988,Winter,Calgary,Speed Skating Men's 500 metres,None
"Daniel Lee ""Dan"" Harrigan",M,20,182,77.85,71.6534,171.27,23.5025963,USA,1976,Summer,Montreal,Swimming Men's 200 metres Backstroke,Bronze
Daniel Nadeau,M,22,178,70.53,70.0786,155.166,22.26044691,CAN,1976,Summer,Montreal,"Shooting Mixed Running Target, 50 metres",None
"Daniel Owen ""Dan"" Simoneau",M,29,175,76.48,68.8975,168.256,24.97306122,USA,1988,Winter,Calgary,Cross Country Skiing Men's 15 kilometres,None
Daniel Taillon,M,23,185,78.04,72.8345,171.688,22.80204529,CAN,1976,Summer,Montreal,Athletics Men's 110 metres Hurdles,None
Daniel Turcotte,M,25,172,71.8,67.7164,157.96,24.26987561,CAN,1988,Winter,Calgary,Speed Skating Men's 500 metres,None
"Daria ""Dasha"" Gaiazova",F,26,178,70.19,70.0786,154.418,22.15313723,CAN,2010,Winter,Vancouver,Cross Country Skiing Women's 4 x 5 kilometres Relay,None
Darin Perry Binning,M,21,178,70.76,70.0786,155.672,22.33303876,USA,1988,Winter,Calgary,Biathlon Men's 20 kilometres,None
"David ""Dave"" Hill",M,23,180,69.08,70.866,151.976,21.32098765,CAN,1976,Summer,Montreal,"Athletics Men's 1,500 metres",None
David Gilman,M,21,186,75.97,73.2282,167.134,21.95918603,USA,1976,Summer,Montreal,"Canoeing Men's Kayak Singles, 1,000 metres",None
"David Ross, III",M,35,175,84.66,68.8975,186.252,27.64408163,USA,1976,Summer,Montreal,"Shooting Mixed Small-Bore Rifle, Prone, 50 metres",None
"David William ""Bill"" Spencer",M,31,180,71.57,70.866,157.454,22.08950617,USA,1988,Winter,Calgary,Cross Country Skiing Men's 15 kilometres,None
"David William ""Dave"" Silk",M,22,180,76.48,70.866,168.256,23.60493827,USA,1988,Winter,Calgary,"Speed Skating Men's 1,500 metres",None
Dean Oldershaw,M,29,180,71.82,70.866,158.004,22.16666667,CAN,1976,Summer,Montreal,"Canoeing Men's Kayak Singles, 500 metres",None
"Debora Elaine ""Debra"" Sapenter (-Speight, -Christopher)",F,24,170,53.73,66.929,118.206,18.5916955,USA,1976,Summer,Montreal,Athletics Women's 400 metres,None
"Deborah ""Debbie"" Clarke (-Zemba)",F,15,166,57.34,65.3542,126.148,20.80853535,CAN,1976,Summer,Montreal,Swimming Women's 200 metres Freestyle,None
"Deborah C. ""Deby"" LaPlante (Lansky-)",F,23,169,58.85,66.5353,129.47,20.60502083,USA,1976,Summer,Montreal,Athletics Women's 100 metres Hurdles,None
"Deborah Sue ""Debra"" Edwards-Armstrong",F,21,153,51.75,60.2361,113.85,22.10688197,USA,1976,Summer,Montreal,Athletics Women's 200 metres,None
Denis Barr,M,28,180,72.12,70.866,158.664,22.25925926,CAN,1976,Summer,Montreal,"Canoeing Men's Kayak Doubles, 500 metres",None
Dennis Lawrence,M,22,191,80.13,75.1967,176.286,21.96485842,CAN,1988,Winter,Calgary,Cross Country Skiing Men's 15 kilometres,None
Denny Morrison,M,24,183,82.34,72.0471,181.148,24.58717788,CAN,2010,Winter,Vancouver,"Speed Skating Men's 1,000 metres",None
Devon Kershaw,M,27,178,73.17,70.0786,160.974,23.09367504,CAN,2010,Winter,Vancouver,Cross Country Skiing Men's 50 kilometres,None
Donnalee Wennerstrom (-Carlson),F,16,175,65.03,68.8975,143.066,21.23428571,USA,1976,Summer,Montreal,Swimming Women's 200 metres Butterfly,None
Dorcas Elizabeth DenHartog-Wonsavage,F,23,162,54.9,63.7794,120.78,20.91906722,USA,1988,Winter,Calgary,Cross Country Skiing Women's 10 kilometres,None
"Douglas Dale ""Doug"" Northway",M,21,180,66.32,70.866,145.904,20.4691358,USA,1976,Summer,Montreal,Swimming Men's 4 x 200 metres Freestyle Relay,Gold
Duncan E. MacDonald,M,27,177,64.42,69.6849,141.724,20.56241821,USA,1976,Summer,Montreal,"Athletics Men's 5,000 metres",None
Dwayne Eugene Evans,M,17,183,67.48,72.0471,148.456,20.14989997,USA,1976,Summer,Montreal,Athletics Men's 200 metres,Bronze
"Edward Eugene ""Ed"" Mendoza",M,23,167,61.68,65.7479,135.696,22.11624655,USA,1976,Summer,Montreal,"Athletics Men's 10,000 metres",None
Edwin Corley Moses,M,20,186,73.62,73.2282,161.964,21.27991675,USA,1976,Summer,Montreal,Athletics Men's 400 metres Hurdles,Gold
"Elizabeth ""Liz"" Stephen",F,23,157,49.58,61.8109,109.076,20.11440626,USA,2010,Winter,Vancouver,Cross Country Skiing Women's 10 kilometres,None
"Elizabeth Frazier ""Betsy"" Youngman",F,28,162,59.5,63.7794,130.9,22.6718488,USA,1988,Winter,Calgary,Cross Country Skiing Women's 5 kilometres,None
"Elizabeth Kristine ""Elli"" Ochowicz",F,26,160,62.88,62.992,138.336,24.5625,USA,2010,Winter,Vancouver,Speed Skating Women's 500 metres,None
Eric Joseph Flaim,M,20,173,73.82,68.1101,162.404,24.6650406,USA,1988,Winter,Calgary,"Speed Skating Men's 1,000 metres",None
Erik Christian Henriksen,M,29,190,86.63,74.803,190.586,23.99722992,USA,1988,Winter,Calgary,Speed Skating Men's 500 metres,None
Evelyn Ashford (-Washington),F,19,165,53.09,64.9605,116.798,19.50045914,USA,1976,Summer,Montreal,Athletics Women's 100 metres,None
"Francis Ann ""Francie"" Larrieu-Smith (-Lutz-)",F,23,163,49.09,64.1731,107.998,18.47641989,USA,1976,Summer,Montreal,"Athletics Women's 1,500 metres",None
Franois Hamelin,M,23,175,73.7,68.8975,162.14,24.06530612,CAN,2010,Winter,Vancouver,"Short Track Speed Skating Men's 1,000 metres",None
Franois-Louis Tremblay,M,29,173,73.22,68.1101,161.084,24.46456614,CAN,2010,Winter,Vancouver,Short Track Speed Skating Men's 500 metres,Bronze
Franois-Olivier Roberge,M,24,186,87.59,73.2282,192.698,25.31795583,CAN,2010,Winter,Vancouver,"Speed Skating Men's 1,000 metres",None
"Frederick Vaughn ""Fred"" Newhouse",M,27,175,68.84,68.8975,151.448,22.47836735,USA,1976,Summer,Montreal,Athletics Men's 400 metres,Silver
Gail Amundrud (-Beattie),F,19,183,71.13,72.0471,156.486,21.23981009,CAN,1976,Summer,Montreal,Swimming Women's 100 metres Freestyle,None
Garrott Andrew Kuzzy,M,27,193,87.27,75.9841,191.994,23.42881688,USA,2010,Winter,Vancouver,Cross Country Skiing Men's 15 kilometres,None
Garry Brian Bjorklund,M,25,177,67.35,69.6849,148.17,21.49765393,USA,1976,Summer,Montreal,"Athletics Men's 10,000 metres",None
"Gary Wayne Hall, Sr.",M,24,186,75.03,73.2282,165.066,21.68747832,USA,1976,Summer,Montreal,Swimming Men's 100 metres Butterfly,Bronze
Gatan T. Boucher,M,29,171,72.79,67.3227,160.138,24.89312951,CAN,1988,Winter,Calgary,Speed Skating Men's 500 metres,None
George Grey,M,30,179,77.17,70.4723,169.774,24.08476639,CAN,2010,Winter,Vancouver,Cross Country Skiing Men's 15 kilometres,None
"George William ""Bill"" Leach",M,30,178,75.37,70.0786,165.814,23.78803181,USA,1976,Summer,Montreal,"Canoeing Men's Kayak Doubles, 500 metres",None
"Gillian ""Jill"" Sterkel",F,15,180,77.89,70.866,171.358,24.04012346,USA,1976,Summer,Montreal,Swimming Women's 100 metres Freestyle,None
Glenn Bogue,M,20,173,68.05,68.1101,149.71,22.73714458,CAN,1976,Summer,Montreal,Athletics Men's 400 metres,None
Glenn Richard Rupertus,M,23,172,68.92,67.7164,151.624,23.29637642,CAN,1988,Winter,Calgary,Biathlon Men's 10 kilometres Sprint,None
Gordon Goplen,M,23,190,85.26,74.803,187.572,23.61772853,CAN,1988,Winter,Calgary,"Speed Skating Men's 5,000 metres",None
Gordon Jewett,M,32,181,72.88,71.2597,160.336,22.24596319,CAN,2010,Winter,Vancouver,Cross Country Skiing Men's 15 kilometres,None
Grant McLaren,M,27,181,69.66,71.2597,153.252,21.26308721,CAN,1976,Summer,Montreal,"Athletics Men's 5,000 metres",None
Gregor Jelonek,M,19,183,78.05,72.0471,171.71,23.30616023,CAN,1988,Winter,Calgary,"Speed Skating Men's 1,500 metres",None
Gregory Smith,M,19,180,71.89,70.866,158.158,22.1882716,CAN,1976,Summer,Montreal,"Canoeing Men's Canadian Doubles, 500 metres",None
Guillaume Bastille,M,24,176,71.79,69.2912,157.938,23.17600723,CAN,2010,Winter,Vancouver,"Short Track Speed Skating Men's 1,500 metres",None
Guy Thibault,M,23,171,71.71,67.3227,157.762,24.5237851,CAN,1988,Winter,Calgary,Speed Skating Men's 500 metres,None
Haley Johnson,F,28,165,61.65,64.9605,135.63,22.6446281,USA,2010,Winter,Vancouver,Biathlon Women's 7.5 kilometres Sprint,None
Hans Adlhoch,M,41,177,71.54,69.6849,157.388,22.83507294,CAN,1976,Summer,Montreal,"Shooting Mixed Small-Bore Rifle, Three Positions, 50 metres",None
Harvey Edward Glance,M,19,173,67.97,68.1101,149.534,22.71041465,USA,1976,Summer,Montreal,Athletics Men's 100 metres,None
Heather Lynn Richardson (-Bergsma),F,20,178,70.32,70.0786,154.704,22.1941674,USA,2010,Winter,Vancouver,Speed Skating Women's 500 metres,None
Henry Dinwoody Marsh,M,22,178,73.35,70.0786,161.37,23.15048605,USA,1976,Summer,Montreal,"Athletics Men's 3,000 metres Steeplechase",None
Henry Krawczyk,M,30,178,78.57,70.0786,172.854,24.7980053,USA,1976,Summer,Montreal,"Canoeing Men's Kayak Singles, 500 metres",None
Herman Ronald Frazier,M,21,184,73.37,72.4408,161.414,21.67119565,USA,1976,Summer,Montreal,Athletics Men's 400 metres,Bronze
Hershel Lee Anderson,M,38,183,86.99,72.0471,191.378,25.97569351,USA,1976,Summer,Montreal,"Shooting Mixed Free Pistol, 50 metres",None
Hlne Boivin (-Cantin),F,17,165,63.19,64.9605,139.018,23.21028466,CAN,1976,Summer,Montreal,Swimming Women's 100 metres Butterfly,None
Holly Brooks (-Whitney),F,27,168,61.29,66.1416,134.838,21.71556122,USA,2010,Winter,Vancouver,Cross Country Skiing Women's 10 kilometres,None
Holly Renee Magee (-Tucker),F,17,180,67.16,70.866,147.752,20.72839506,USA,1976,Summer,Montreal,Swimming Women's 100 metres Backstroke,None
Hugh Fisher,M,20,183,83.99,72.0471,184.778,25.07987697,CAN,1976,Summer,Montreal,"Canoeing Men's Kayak Fours, 1,000 metres",None
Hugh Lloyd Fraser,M,24,185,75.78,72.8345,166.716,22.14170928,CAN,1976,Summer,Montreal,Athletics Men's 200 metres,None
Hugh Spooner,M,18,178,69.06,70.0786,151.932,21.79649034,CAN,1976,Summer,Montreal,Athletics Men's 4 x 100 metres Relay,None
Hugh Walton,M,21,179,71.43,70.4723,157.146,22.29331169,CAN,1976,Summer,Montreal,"Cycling Men's Team Pursuit, 4,000 metres",None
Ian Seale,M,21,178,67.23,70.0786,147.906,21.21891175,CAN,1976,Summer,Montreal,Athletics Men's 4 x 400 metres Relay,None
Ivan Sergeyevich Babikov,M,29,172,70.25,67.7164,154.55,23.74594375,CAN,2010,Winter,Vancouver,Cross Country Skiing Men's 15 kilometres,None
"Jack Babashoff, Jr.",M,21,191,85.21,75.1967,187.462,23.35736411,USA,1976,Summer,Montreal,Swimming Men's 100 metres Freestyle,Silver
"James ""Jamie"" Kallio",M,22,168,74.93,66.1416,164.846,26.54832766,CAN,1988,Winter,Calgary,Biathlon Men's 20 kilometres,None
James Earl Owens,M,21,183,81.24,72.0471,178.728,24.25871182,USA,1976,Summer,Montreal,Athletics Men's 110 metres Hurdles,None
"James Junior Robinson, Jr.",M,21,180,68.27,70.866,150.194,21.07098765,USA,1976,Summer,Montreal,Athletics Men's 800 metres,None
"James Paul ""Jim"" Montgomery",M,21,191,88.46,75.1967,194.612,24.24823881,USA,1976,Summer,Montreal,Swimming Men's 100 metres Freestyle,Gold
James Southam,M,31,178,71.23,70.0786,156.706,22.48137861,USA,2010,Winter,Vancouver,Cross Country Skiing Men's 15 kilometres,None
Jamie Roy Gregg,M,24,180,80.39,70.866,176.858,24.8117284,CAN,2010,Winter,Vancouver,Speed Skating Men's 500 metres,None
"Janet Elizabeth ""Jane"" Goldman",F,23,170,59.04,66.929,129.888,20.42906574,USA,1988,Winter,Calgary,"Speed Skating Women's 1,500 metres",None
"Janice Melbourne ""Jan"" Merrill",F,20,165,53.71,64.9605,118.162,19.728191,USA,1976,Summer,Montreal,"Athletics Women's 1,500 metres",None
Janis Lynn Hape (-Dowd),F,18,168,58.01,66.1416,127.622,20.55342971,USA,1976,Summer,Montreal,Swimming Women's 200 metres Breaststroke,None
Jay William Hakkinen,M,32,183,75.56,72.0471,166.232,22.56263251,USA,2010,Winter,Vancouver,Biathlon Men's 10 kilometres Sprint,None
Jean Fournel,M,20,178,80.95,70.0786,178.09,25.54917308,CAN,1976,Summer,Montreal,"Canoeing Men's Kayak Fours, 1,000 metres",None
Jean McAllister,F,23,168,53.16,66.1416,116.952,18.83503401,CAN,1988,Winter,Calgary,Cross Country Skiing Women's 5 kilometres,None
Jean Pichette,M,24,177,77.62,69.6849,170.764,24.77576686,CAN,1988,Winter,Calgary,"Speed Skating Men's 1,000 metres",None
Jeanne Marie Haney (-Neville),F,17,163,55.59,64.1731,122.298,20.92288005,USA,1976,Summer,Montreal,Swimming Women's 400 metres Individual Medley,None
Jean-Philippe Le Guellec,M,24,171,64.52,67.3227,141.944,22.06490886,CAN,2010,Winter,Vancouver,Biathlon Men's 10 kilometres Sprint,None
"Jeffrey Ross ""Jeff"" Klaiber",M,25,193,83.52,75.9841,183.744,22.42207845,USA,1988,Winter,Calgary,"Speed Skating Men's 10,000 metres",None
Jennifer Jill Rodriguez,F,33,162,58.73,63.7794,129.206,22.37844841,USA,2010,Winter,Vancouver,Speed Skating Women's 500 metres,None
Jennifer Leigh Hooker (-Brinegar),F,15,175,58.23,68.8975,128.106,19.01387755,USA,1976,Summer,Montreal,Swimming Women's 200 metres Freestyle,None
Jeremy Abbott,M,19,179,71.9,70.4723,158.18,22.43999875,CAN,1976,Summer,Montreal,"Canoeing Men's Canadian Doubles, 1,000 metres",None
Jeremy Lee Wotherspoon,M,33,190,85.22,74.803,187.484,23.6066482,CAN,2010,Winter,Vancouver,Speed Skating Men's 500 metres,None
Jeremy Scott Teela,M,33,180,82.54,70.866,181.588,25.47530864,USA,2010,Winter,Vancouver,Biathlon Men's 10 kilometres Sprint,None
Jessica Gregg,F,21,174,63.3,68.5038,139.26,20.90764962,CAN,2010,Winter,Vancouver,Short Track Speed Skating Women's 500 metres,None
Jilleanne Rookard,F,27,160,60.22,62.992,132.484,23.5234375,USA,2010,Winter,Vancouver,"Speed Skating Women's 1,500 metres",None
"Joan Evelyn Wenzel (Eddy-, -Fox)",F,22,167,57.65,65.7479,126.83,20.67123239,CAN,1976,Summer,Montreal,Athletics Women's 800 metres,None
Joann Elaine Baker (-Anderson),F,15,168,55.27,66.1416,121.594,19.58262472,CAN,1976,Summer,Montreal,Swimming Women's 100 metres Breaststroke,None
Joanne McTaggart,F,21,165,60.5,64.9605,133.1,22.22222222,CAN,1976,Summer,Montreal,Athletics Women's 200 metres,None
Jocelyn Bjorn Lovell,M,25,179,72.75,70.4723,160.05,22.70528386,CAN,1976,Summer,Montreal,"Cycling Men's 1,000 metres Time Trial",None
John Edwards,M,22,185,80.67,72.8345,177.474,23.57048941,CAN,1976,Summer,Montreal,"Canoeing Men's Canadian Singles, 1,000 metres",None
John Frederick Hencken,M,22,183,78.05,72.0471,171.71,23.30616023,USA,1976,Summer,Montreal,Swimming Men's 100 metres Breaststroke,Gold
John Glenn Baskfield,M,22,173,81.91,68.1101,180.202,27.36810451,USA,1988,Winter,Calgary,"Speed Skating Men's 1,500 metres",None
John Joseph Wood,M,26,180,81.23,70.866,178.706,25.07098765,CAN,1976,Summer,Montreal,"Canoeing Men's Canadian Singles, 500 metres",Silver
John Kennedy Howard,M,28,187,74.31,73.6219,163.482,21.25025022,USA,1976,Summer,Montreal,Cycling Men's 100 kilometres Team Time Trial,None
John Phillips Naber,M,20,198,89.05,77.9526,195.91,22.71451893,USA,1976,Summer,Montreal,Swimming Men's 200 metres Freestyle,Silver
"John Robert ""J. R."" Celski",M,19,173,63.62,68.1101,139.964,21.25697484,USA,2010,Winter,Vancouver,"Short Track Speed Skating Men's 1,000 metres",None
"John Wesley ""Johnny"" Jones",M,18,183,77.24,72.0471,169.928,23.06428977,USA,1976,Summer,Montreal,Athletics Men's 100 metres,None
Jonathan Kuck,M,19,183,79.92,72.0471,175.824,23.86455254,USA,2010,Winter,Vancouver,"Speed Skating Men's 10,000 metres",None
Jordan Malone,M,25,168,63.29,66.1416,139.238,22.424178,USA,2010,Winter,Vancouver,Short Track Speed Skating Men's 500 metres,None
"Joseph Charles ""Joe"" Galanes",M,22,180,70.7,70.866,155.54,21.82098765,USA,1988,Winter,Calgary,Cross Country Skiing Men's 15 kilometres,None
"Joseph Stuart ""Joe"" Bottom",M,21,194,87.63,76.3778,192.786,23.2835583,USA,1976,Summer,Montreal,Swimming Men's 100 metres Freestyle,None
"Joshua Casey ""Josh"" Thompson",M,25,180,70.86,70.866,155.892,21.87037037,USA,1988,Winter,Calgary,Biathlon Men's 10 kilometres Sprint,None
Joyce Sadowick-Yakubowich,F,23,171,56.69,67.3227,124.718,19.38716186,CAN,1976,Summer,Montreal,Athletics Women's 400 metres,None
Jules Sobrian,M,41,180,73.77,70.866,162.294,22.76851852,CAN,1976,Summer,Montreal,"Shooting Mixed Rapid-Fire Pistol, 25 metres",None
Julie Marie Jones Leach,F,19,167,60.28,65.7479,132.616,21.61425652,USA,1976,Summer,Montreal,"Canoeing Women's Kayak Singles, 500 metres",None
Kalyna Roberge,F,23,160,50.34,62.992,110.748,19.6640625,CAN,2010,Winter,Vancouver,Short Track Speed Skating Women's 500 metres,None
Karen Patricia Moe-Thornton (-Humphreys),F,23,165,57.05,64.9605,125.51,20.95500459,USA,1976,Summer,Montreal,Swimming Women's 200 metres Butterfly,None
Katherine Reutter,F,21,170,61.2,66.929,134.64,21.17647059,USA,2010,Winter,Vancouver,Short Track Speed Skating Women's 500 metres,None
"Kathleen Stella ""Kathy"" Weston (-Blom)",F,18,170,59.08,66.929,129.976,20.44290657,USA,1976,Summer,Montreal,Athletics Women's 800 metres,None
"Kathryn Helen ""Katie"" Class (-Marquard)",F,24,165,63.12,64.9605,138.864,23.184573,USA,1988,Winter,Calgary,Speed Skating Women's 500 metres,None
"Kathryn Jean ""Kathy"" Heddy (-Silver, -Drum)",F,18,168,62.39,66.1416,137.258,22.10530045,USA,1976,Summer,Montreal,Swimming Women's 400 metres Freestyle,None
Kathy Gordon,F,20,173,66.79,68.1101,146.938,22.31614822,CAN,1988,Winter,Calgary,"Speed Skating Women's 5,000 metres",None
"Keith Cawthon ""Casey"" Converse",M,18,186,63,73.2282,138.6,18.21019771,USA,1976,Summer,Montreal,Swimming Men's 400 metres Freestyle,None
"Keith James ""Nick"" Thometz",M,24,175,77.01,68.8975,169.422,25.14612245,USA,1988,Winter,Calgary,Speed Skating Men's 500 metres,None
"Kenneth ""Ken"" Karpoff",M,32,178,75.66,70.0786,166.452,23.87956066,CAN,1988,Winter,Calgary,Biathlon Men's 10 kilometres Sprint,None
Kikkan Lewis Randall (-Ellis),F,27,165,60.21,64.9605,132.462,22.11570248,USA,2010,Winter,Vancouver,Cross Country Skiing Women's 30 kilometres,None
"Kimberley Marie ""Kim"" Peyton (-McDonald)",F,19,178,65.2,70.0786,143.44,20.57820982,USA,1976,Summer,Montreal,Swimming Women's 100 metres Freestyle,None
Kimberly Derrick,F,24,165,56.9,64.9605,125.18,20.89990817,USA,2010,Winter,Vancouver,"Short Track Speed Skating Women's 1,000 metres",None
Kris Freeman,M,29,180,79.85,70.866,175.67,24.64506173,USA,2010,Winter,Vancouver,Cross Country Skiing Men's 15 kilometres,None
Kristen Michele Talbot (-Peck),F,17,160,63.22,62.992,139.084,24.6953125,USA,1988,Winter,Calgary,Speed Skating Women's 500 metres,None
Kristina Nicole Groves,F,33,175,66.77,68.8975,146.894,21.80244898,CAN,2010,Winter,Vancouver,"Speed Skating Women's 1,000 metres",None
Kurt Davison Mitchell,M,24,178,62.97,70.0786,138.534,19.87438455,CAN,1976,Summer,Montreal,"Shooting Mixed Small-Bore Rifle, Three Positions, 50 metres",None
Kyle Parrott (Turgeon-),M,24,185,86.62,72.8345,190.564,25.30898466,CAN,2010,Winter,Vancouver,Speed Skating Men's 500 metres,None
Lana Gehring,F,19,175,62.01,68.8975,136.422,20.24816327,USA,2010,Winter,Vancouver,"Short Track Speed Skating Women's 3,000 metres Relay",Bronze
Lanny L. Barnes,F,27,163,50.39,64.1731,110.858,18.96571192,USA,2010,Winter,Vancouver,Biathlon Women's 7.5 kilometres Sprint,None
Lanny Robert Bassham,M,29,175,73.6,68.8975,161.92,24.03265306,USA,1976,Summer,Montreal,"Shooting Mixed Small-Bore Rifle, Three Positions, 50 metres",Gold
"Laura Gail ""Lauri"" Siering",F,19,163,57.3,64.1731,126.06,21.56648726,USA,1976,Summer,Montreal,Swimming Women's 100 metres Breaststroke,None
Laura Spector,F,22,152,51.36,59.8424,112.992,22.2299169,USA,2010,Winter,Vancouver,Biathlon Women's 7.5 kilometres Sprint,None
Lauren Myrtie Cholewinski,F,21,173,69.37,68.1101,152.614,23.17818838,USA,2010,Winter,Vancouver,Speed Skating Women's 500 metres,None
"Lawrence Alexander ""Larry"" Walker",M,33,188,77.07,74.0156,169.554,21.8056813,USA,1976,Summer,Montreal,Athletics Men's 20 kilometres Walk,None
"Lawrence Robert ""Larry"" Dowler",M,22,191,81.42,75.1967,179.124,22.31846715,USA,1976,Summer,Montreal,Swimming Men's 100 metres Breaststroke,None
Leighton Hope,M,23,190,76.06,74.803,167.332,21.06925208,CAN,1976,Summer,Montreal,Athletics Men's 4 x 400 metres Relay,None
LeLei Alofa Fonoimoana (-Moore),F,17,173,66.58,68.1101,146.476,22.24598216,USA,1976,Summer,Montreal,Swimming Women's 100 metres Butterfly,None
Leonard Harvey Nitz,M,19,180,75.5,70.866,166.1,23.30246914,USA,1976,Summer,Montreal,"Cycling Men's Individual Pursuit, 4,000 metres",None
Leslie Ann Thompson (-Hall),F,24,160,59.07,62.992,129.954,23.07421875,USA,1988,Winter,Calgary,Cross Country Skiing Women's 5 kilometres,None
Leslie B. Bancroft-Krichko,F,28,178,67.27,70.0786,147.994,21.23153642,USA,1988,Winter,Calgary,Cross Country Skiing Women's 5 kilometres,None
Leslie Elisabeth Corbett Bader (-Corbett),F,24,167,64.73,65.7479,142.406,23.20986769,USA,1988,Winter,Calgary,Speed Skating Women's 500 metres,None
Linda Jane Murray-Dragan,F,23,168,67.61,66.1416,148.742,23.95479025,USA,1976,Summer,Montreal,"Canoeing Women's Kayak Doubles, 500 metres",None
Linda Louise Jezek,F,16,173,59.03,68.1101,129.866,19.72334525,USA,1976,Summer,Montreal,Swimming Women's 100 metres Backstroke,None
Lisa Borsholt,F,14,170,61.24,66.929,134.728,21.19031142,CAN,1976,Summer,Montreal,Swimming Women's 100 metres Breaststroke,None
Lisa Geary (-O'Brien),F,14,166,52.73,65.3542,116.006,19.13557846,CAN,1976,Summer,Montreal,Swimming Women's 800 metres Freestyle,None
"Lojas ""Lou"" Tollas",M,30,173,60.54,68.1101,133.188,20.22787263,CAN,1976,Summer,Montreal,"Canoeing Men's Kayak Fours, 1,000 metres",None
Lorna Sasseville (-Daudrich),F,27,165,57.38,64.9605,126.236,21.07621671,CAN,1988,Winter,Calgary,Cross Country Skiing Women's 5 kilometres,None
"Louis Michael Theimer, III",M,26,188,79.06,74.0156,173.932,22.36871888,USA,1976,Summer,Montreal,"Shooting Mixed Running Target, 50 metres",None
Lowell Conrad Bailey,M,28,185,78.06,72.8345,171.732,22.80788897,USA,2010,Winter,Vancouver,Biathlon Men's 10 kilometres Sprint,None
Lucas Markian Makowsky,M,22,181,79.19,71.2597,174.218,24.17203382,CAN,2010,Winter,Vancouver,"Speed Skating Men's 1,500 metres",None
Lyle Barber Nelson,M,39,188,84.69,74.0156,186.318,23.96163422,USA,1988,Winter,Calgary,Biathlon Men's 10 kilometres Sprint,None
Madeleine Williams,F,26,163,55.76,64.1731,122.672,20.98686439,CAN,2010,Winter,Vancouver,Cross Country Skiing Women's 10 kilometres,None
Madeline Manning-Jackson (-Mims),F,28,175,76,68.8975,167.2,24.81632653,USA,1976,Summer,Montreal,Athletics Women's 800 metres,None
Marc Blouin,M,23,188,82.7,74.0156,181.94,23.39859665,CAN,1976,Summer,Montreal,Cycling Men's 100 kilometres Team Time Trial,None
Marc Courtney Thompson,M,23,183,73.19,72.0471,161.018,21.85493744,USA,1976,Summer,Montreal,Cycling Men's 100 kilometres Team Time Trial,None
Marc-Andr Bdard,M,23,171,70.86,67.3227,155.892,24.23309736,CAN,2010,Winter,Vancouver,Biathlon Men's 4 x 7.5 kilometres Relay,None
Marcel Jobin,M,34,180,73.07,70.866,160.754,22.55246914,CAN,1976,Summer,Montreal,Athletics Men's 20 kilometres Walk,None
Marcel Tremblay,M,22,185,86.73,72.8345,190.806,25.34112491,CAN,1988,Winter,Calgary,"Speed Skating Men's 1,000 metres",None
Marcia Helen Morey,F,20,175,66.83,68.8975,147.026,21.82204082,USA,1976,Summer,Montreal,Swimming Women's 100 metres Breaststroke,None
"Margaret ""Marg"" Stride (McGowen-)",F,21,167,61.48,65.7479,135.256,22.04453369,CAN,1976,Summer,Montreal,Athletics Women's 400 metres,None
Margaret Howe,F,18,167,57.38,65.7479,126.236,20.57442002,CAN,1976,Summer,Montreal,Athletics Women's 100 metres,None
Margaret Murdock (Thompson-),F,33,163,73.87,64.1731,162.514,27.80307878,USA,1976,Summer,Montreal,"Shooting Mixed Small-Bore Rifle, Three Positions, 50 metres",Silver
Maria Teresa Sullivan Lamb,F,24,168,59.68,66.1416,131.296,21.14512472,USA,2010,Winter,Vancouver,"Speed Skating Women's 5,000 metres",None
Marianne St-Gelais,F,19,163,63.06,64.1731,138.732,23.73442734,CAN,2010,Winter,Vancouver,Short Track Speed Skating Women's 500 metres,Silver
Marie-Andre Masson,F,24,167,55.48,65.7479,122.056,19.89314784,CAN,1988,Winter,Calgary,Cross Country Skiing Women's 10 kilometres,None
Marie-Pierre Lamarche,F,19,165,55.76,64.9605,122.672,20.48117539,CAN,1988,Winter,Calgary,"Speed Skating Women's 1,000 metres",None
Marjorie Evalena Bailey (Turner-),F,28,170,61.56,66.929,135.432,21.30103806,CAN,1976,Summer,Montreal,Athletics Women's 100 metres,None
Mark Bruce Enyeart,M,22,183,70.79,72.0471,155.738,21.13828421,USA,1976,Summer,Montreal,Athletics Men's 800 metres,None
Mark Edward Lutz,M,24,178,69.34,70.0786,152.548,21.88486302,USA,1976,Summer,Montreal,Athletics Men's 200 metres,None
Mark William Greenwald,M,19,165,69.16,64.9605,152.152,25.40312213,USA,1988,Winter,Calgary,"Speed Skating Men's 1,500 metres",None
Martha Rae Watson,F,29,164,57.76,64.5668,127.072,21.47531231,USA,1976,Summer,Montreal,Athletics Women's 4 x 100 metres Relay,None
Martin DeWayne Edmondson,M,32,183,98.81,72.0471,217.382,29.50521067,USA,1976,Summer,Montreal,"Shooting Mixed Running Target, 50 metres",None
"Martin John ""Marty"" Pierce",M,21,173,69.04,68.1101,151.888,23.06792743,USA,1988,Winter,Calgary,Speed Skating Men's 500 metres,None
Marvin Nash,M,22,180,71.47,70.866,157.234,22.05864198,CAN,1976,Summer,Montreal,Athletics Men's 100 metres,None
Mary Angela Docter,F,27,167,64.42,65.7479,141.724,23.09871275,USA,1988,Winter,Calgary,"Speed Skating Women's 3,000 metres",None
Maryanne Graham (-Keever),F,20,165,56.93,64.9605,125.246,20.91092746,USA,1976,Summer,Montreal,Swimming Women's 200 metres Backstroke,None
Mathieu Giroux,M,24,177,80.04,69.6849,176.088,25.54821411,CAN,2010,Winter,Vancouver,"Speed Skating Men's 1,500 metres",None
"Matthew ""Matt"" Centrowitz",M,21,186,78.65,73.2282,173.03,22.73384206,USA,1976,Summer,Montreal,"Athletics Men's 1,500 metres",None
"Matthew Haynes ""Matt"" Vogel",M,19,186,86.69,73.2282,190.718,25.05781015,USA,1976,Summer,Montreal,Swimming Men's 100 metres Butterfly,Gold
"Maxwell Lander ""Maxie"" Parks",M,25,188,78.91,74.0156,173.602,22.32627886,USA,1976,Summer,Montreal,Athletics Men's 400 metres,None
Megan Elizabeth Heinicke-Tandy,F,21,170,60.18,66.929,132.396,20.82352941,CAN,2010,Winter,Vancouver,Biathlon Women's 7.5 kilometres Sprint,None
Megan Imrie,F,23,167,57.25,65.7479,125.95,20.52780666,CAN,2010,Winter,Vancouver,Biathlon Women's 7.5 kilometres Sprint,None
Melanie MacKay,F,16,160,62.47,62.992,137.434,24.40234375,CAN,1976,Summer,Montreal,Swimming Women's 200 metres Breaststroke,None
"Melissa Louise Belote (-Hamlin, -Ripley)",F,19,171,60.52,67.3227,133.144,20.69696659,USA,1976,Summer,Montreal,Swimming Women's 200 metres Backstroke,None
Michael Alan Johnson,M,35,180,85.17,70.866,187.374,26.28703704,USA,1976,Summer,Montreal,"Canoeing Men's Kayak Doubles, 500 metres",None
"Michael James Grant ""Mike"" Ireland",M,36,181,80.36,71.2597,176.792,24.52916578,CAN,2010,Winter,Vancouver,Speed Skating Men's 500 metres,None
"Michael Kelvin ""Mike"" Durkin",M,23,178,67.57,70.0786,148.654,21.32622144,USA,1976,Summer,Montreal,"Athletics Men's 1,500 metres",None
"Michael Lee ""Mike"" Bruner",M,19,179,74.33,70.4723,163.526,23.19840205,USA,1976,Summer,Montreal,Swimming Men's 4 x 200 metres Freestyle Relay,Gold
"Michael Lyle ""Mike"" Shine",M,22,183,76.43,72.0471,168.146,22.8224193,USA,1976,Summer,Montreal,Athletics Men's 400 metres Hurdles,Silver
"Miguel Santiago ""Mike"" Roche",M,23,173,66.97,68.1101,147.334,22.37629055,USA,1976,Summer,Montreal,"Athletics Men's 3,000 metres Steeplechase",None
"Millard Frank Hampton, Jr.",M,20,180,76.17,70.866,167.574,23.50925926,USA,1976,Summer,Montreal,Athletics Men's 200 metres,Silver
Miriam Smith,F,17,169,59.88,66.5353,131.736,20.96565246,USA,1976,Summer,Montreal,Swimming Women's 200 metres Backstroke,None
"Mitchell Ryan ""Mitch"" Whitmore",M,20,175,77.59,68.8975,170.698,25.3355102,USA,2010,Winter,Vancouver,Speed Skating Men's 500 metres,None
Morgan Arritola,F,23,162,53.56,63.7794,117.832,20.40847432,USA,2010,Winter,Vancouver,Cross Country Skiing Women's 10 kilometres,None
Nancy Ellen Garapick,F,14,168,54.61,66.1416,120.142,19.34878118,CAN,1976,Summer,Montreal,Swimming Women's 100 metres Backstroke,Bronze
Nancy Ingersoll Fiddler,F,31,170,58.4,66.929,128.48,20.20761246,USA,1988,Winter,Calgary,Cross Country Skiing Women's 5 kilometres,None
Nancy Louise Swider-Peltz,F,31,167,57.54,65.7479,126.588,20.63179031,USA,1988,Winter,Calgary,"Speed Skating Women's 1,000 metres",None
"Nancy Swider-Peltz, Jr.",F,23,172,69.4,67.7164,152.68,23.45862628,USA,2010,Winter,Vancouver,"Speed Skating Women's 3,000 metres",None
Natalie Grenier,F,23,171,62.67,67.3227,137.874,21.43223556,CAN,1988,Winter,Calgary,Speed Skating Women's 500 metres,None
"Nicholas Otto ""Nick"" Pearson",M,30,193,95.83,75.9841,210.826,25.72686515,USA,2010,Winter,Vancouver,Speed Skating Men's 500 metres,None
Nicole Kramer,F,14,153,51.46,60.2361,113.212,21.98299799,USA,1976,Summer,Montreal,Swimming Women's 800 metres Freestyle,None
Olivier Jean,M,25,188,83.4,74.0156,183.48,23.59665007,CAN,2010,Winter,Vancouver,Short Track Speed Skating Men's 500 metres,None
Paget Stewart,M,24,180,73.43,70.866,161.546,22.66358025,CAN,1988,Winter,Calgary,Biathlon Men's 10 kilometres Sprint,None
"Pamela Theresa ""Pam"" Jiles",F,21,168,62.87,66.1416,138.314,22.27536848,USA,1976,Summer,Montreal,Athletics Women's 4 x 400 metres Relay,Silver
"Patrice Michelle ""Pat"" Donnelly (-Shmock, -Lutz)",F,26,174,63.3,68.5038,139.26,20.90764962,USA,1976,Summer,Montreal,Athletics Women's 100 metres Hurdles,None
"Patricia Elaine ""Patty"" Loverock",F,23,173,59.9,68.1101,131.78,20.01403321,CAN,1976,Summer,Montreal,Athletics Women's 100 metres,None
"Patrick ""Pat"" Farrelly",M,41,174,69.03,68.5038,151.866,22.80023781,CAN,1976,Summer,Montreal,Athletics Men's 20 kilometres Walk,None
Paul Frederick Craig,M,22,177,68.23,69.6849,150.106,21.77854384,CAN,1976,Summer,Montreal,"Athletics Men's 1,500 metres",None
Paul Geoffrey Geis,M,23,180,66.62,70.866,146.564,20.5617284,USA,1976,Summer,Montreal,"Athletics Men's 5,000 metres",None
Paul Michael Hartloff,M,18,184,72.88,72.4408,160.336,21.52646503,USA,1976,Summer,Montreal,"Swimming Men's 1,500 metres Freestyle",None
Paul Thomas Deem,M,18,184,77.55,72.4408,170.61,22.90583648,USA,1976,Summer,Montreal,"Cycling Men's Team Pursuit, 4,000 metres",None
"Penelope Christine ""Penny"" Werthner (-Bales)",F,25,165,47.66,64.9605,104.852,17.50596878,CAN,1976,Summer,Montreal,"Athletics Women's 1,500 metres",None
Perianne Jones,F,24,167,55.91,65.7479,123.002,20.04733049,CAN,2010,Winter,Vancouver,Cross Country Skiing Women's 4 x 5 kilometres Relay,None
Peter Charles Francis Spir,M,20,174,64.35,68.5038,141.57,21.25445898,CAN,1976,Summer,Montreal,"Athletics Men's 1,500 metres",None
Peter Drake Rocca,M,18,191,80.76,75.1967,177.672,22.13755105,USA,1976,Summer,Montreal,Swimming Men's 100 metres Backstroke,Silver
Peter Patasi,M,28,185,71.67,72.8345,157.674,20.94083272,CAN,1976,Summer,Montreal,"Canoeing Men's Kayak Fours, 1,000 metres",None
"Peter Wallace ""Pete"" Deyo",M,18,191,73.76,75.1967,162.272,20.218744,USA,1976,Summer,Montreal,"Canoeing Men's Kayak Doubles, 1,000 metres",None
Pierre Harvey,M,30,183,72.68,72.0471,159.896,21.70264863,CAN,1988,Winter,Calgary,Cross Country Skiing Men's 15 kilometres,None
Quentin David Wheeler,M,21,186,71.09,73.2282,156.398,20.54861834,USA,1976,Summer,Montreal,Athletics Men's 400 metres Hurdles,None
Rachelle Campbell (-Clausen),F,19,178,63.83,70.0786,140.426,20.14581492,CAN,1976,Summer,Montreal,Athletics Women's 400 metres,None
Ralph Phillip Therrio,M,22,170,75.58,66.929,166.276,26.15224913,USA,1976,Summer,Montreal,"Cycling Men's Team Pursuit, 4,000 metres",None
"Raymond Christopher ""Chris"" McCubbins",M,30,183,70.87,72.0471,155.914,21.16217265,CAN,1976,Summer,Montreal,"Athletics Men's 10,000 metres",None
"Rebecca Gwendolyn ""Becky"" Smith (-Wiber)",F,17,161,56.92,63.3857,125.224,21.95902936,CAN,1976,Summer,Montreal,Swimming Women's 4 x 100 metres Freestyle Relay,Bronze
Rebekah Dianne Bradford,F,26,180,71.2,70.866,156.64,21.97530864,USA,2010,Winter,Vancouver,"Speed Skating Women's 1,000 metres",None
Reed Oldershaw,M,25,183,71.9,72.0471,158.18,21.46973633,CAN,1976,Summer,Montreal,"Canoeing Men's Kayak Singles, 1,000 metres",None
Renee A. Laravie (-Kelly),F,17,180,67.74,70.866,149.028,20.90740741,USA,1976,Summer,Montreal,Swimming Women's 100 metres Breaststroke,None
"Rhonda Arnetta Brady (-Gilles, -Anderson)",F,17,155,57.31,61.0235,126.082,23.85431842,USA,1976,Summer,Montreal,Athletics Women's 100 metres Hurdles,None
Richard Arthur Crawford,M,41,193,102.92,75.9841,226.424,27.63027195,USA,1976,Summer,Montreal,"Shooting Mixed Free Pistol, 50 metres",None
"Richard Charles ""Rick"" Wohlhuter",M,27,175,61.25,68.8975,134.75,20,USA,1976,Summer,Montreal,Athletics Men's 800 metres,Bronze
"Richard Phillip ""Rick"" Colella, Jr.",M,24,186,83.54,73.2282,183.788,24.14730027,USA,1976,Summer,Montreal,Swimming Men's 200 metres Breaststroke,Bronze
"Richard Thomas ""Dick"" Buerkle",M,28,170,59.58,66.929,131.076,20.61591696,USA,1976,Summer,Montreal,"Athletics Men's 5,000 metres",None
"Robert Ernest ""Bob"" Vehe",M,22,182,79.43,71.6534,174.746,23.97959184,USA,1976,Summer,Montreal,"Cycling Men's 1,000 metres Time Trial",None
"Robert Scott ""Bob"" Jackson",M,19,193,87.81,75.9841,193.182,23.57378722,USA,1976,Summer,Montreal,Swimming Men's 100 metres Backstroke,None
Robert Tremblay,M,22,182,83,71.6534,182.6,25.05736022,CAN,1988,Winter,Calgary,Speed Skating Men's 500 metres,None
"Robert William ""Bobby"" Hackett, Jr.",M,16,188,83.32,74.0156,183.304,23.57401539,USA,1976,Summer,Montreal,"Swimming Men's 1,500 metres Freestyle",Silver
Robin Clegg,M,32,175,71.24,68.8975,156.728,23.26204082,CAN,2010,Winter,Vancouver,Biathlon Men's 4 x 7.5 kilometres Relay,None
Robin Marie Corsiglia (-Scholefield),F,13,157,45.58,61.8109,100.276,18.49162238,CAN,1976,Summer,Montreal,Swimming Women's 100 metres Breaststroke,None
"Rodney ""Rod"" Strachan",M,20,183,78.24,72.0471,172.128,23.36289528,USA,1976,Summer,Montreal,Swimming Men's 400 metres Individual Medley,Gold
Roland Paul Muhlen,M,35,183,82.36,72.0471,181.192,24.59314999,USA,1976,Summer,Montreal,"Canoeing Men's Canadian Doubles, 500 metres",None
"Ronald ""Ron"" Hayman",M,21,183,70.85,72.0471,155.87,21.15620054,CAN,1976,Summer,Montreal,"Cycling Men's Team Pursuit, 4,000 metres",None
"Ronald Owen ""Ron"" Laird",M,38,186,71.07,73.2282,156.354,20.54283732,USA,1976,Summer,Montreal,Athletics Men's 20 kilometres Walk,None
"Ronald Philip ""Ron"" Skarin",M,24,175,73.8,68.8975,162.36,24.09795918,USA,1976,Summer,Montreal,"Cycling Men's Team Pursuit, 4,000 metres",None
Rosalyn Evette Bryant (-Clark),F,20,165,58.08,64.9605,127.776,21.33333333,USA,1976,Summer,Montreal,Athletics Women's 400 metres,None
Rosanna Lee Crawford,F,21,180,67.14,70.866,147.708,20.72222222,CAN,2010,Winter,Vancouver,Biathlon Women's 7.5 kilometres Sprint,None
Ryan Bedford,M,23,185,83.18,72.8345,182.996,24.30387144,USA,2010,Winter,Vancouver,"Speed Skating Men's 10,000 metres",None
Sara Renner,F,33,168,64.65,66.1416,142.23,22.90603741,CAN,2010,Winter,Vancouver,Cross Country Skiing Women's 30 kilometres,None
Sara Studebaker (-Hall),F,25,168,59.89,66.1416,131.758,21.21952948,USA,2010,Winter,Vancouver,Biathlon Women's 7.5 kilometres Sprint,None
Serge Proulx,M,23,173,66.45,68.1101,146.19,22.20254603,CAN,1976,Summer,Montreal,Cycling Men's 100 kilometres Team Time Trial,None
Shani Earl Davis,M,27,188,86.82,74.0156,191.004,24.56428248,USA,2010,Winter,Vancouver,Speed Skating Men's 500 metres,None
Shannon Colleen Rempel,F,25,173,70.87,68.1101,155.914,23.67937452,CAN,2010,Winter,Vancouver,Speed Skating Women's 500 metres,None
Shannon Smith,F,14,174,64.5,68.5038,141.9,21.30400317,CAN,1976,Summer,Montreal,Swimming Women's 400 metres Freestyle,Bronze
Sheila Rena Ingram,F,19,161,52.58,63.3857,115.676,20.28471124,USA,1976,Summer,Montreal,Athletics Women's 400 metres,None
Shelley Rhead-Skarvan,F,22,167,59.62,65.7479,131.164,21.37760407,CAN,1988,Winter,Calgary,Speed Skating Women's 500 metres,None
Shirley Frances Babashoff,F,19,178,68.46,70.0786,150.612,21.60712031,USA,1976,Summer,Montreal,Swimming Women's 100 metres Freestyle,None
"Simeon ""Simi"" Hamilton",M,22,180,79.36,70.866,174.592,24.49382716,USA,2010,Winter,Vancouver,Cross Country Skiing Men's 15 kilometres,None
Simon Cho,M,18,183,68.84,72.0471,151.448,20.55600346,USA,2010,Winter,Vancouver,Short Track Speed Skating Men's 500 metres,None
"Stephen ""Steve"" King",M,23,180,72.55,70.866,159.61,22.39197531,CAN,1976,Summer,Montreal,"Canoeing Men's Kayak Doubles, 500 metres",None
Stephen Paul Kelly,M,25,186,75.51,73.2282,166.122,21.82622268,USA,1976,Summer,Montreal,"Canoeing Men's Kayak Fours, 1,000 metres",None
"Steven Charles ""Steve"" Furniss",M,23,193,81.04,75.9841,178.288,21.75628876,USA,1976,Summer,Montreal,Swimming Men's 400 metres Individual Medley,None
"Steven Earl ""Steve"" Riddick",M,24,190,76.29,74.803,167.838,21.13296399,USA,1976,Summer,Montreal,Athletics Men's 100 metres,None
"Steven Garrett ""Steve"" Gregg",M,20,193,85.34,75.9841,187.748,22.91068217,USA,1976,Summer,Montreal,Swimming Men's 200 metres Butterfly,Silver
Steven Thomas Kelly,M,23,188,63.57,74.0156,139.854,17.98607967,CAN,1976,Summer,Montreal,"Shooting Mixed Rapid-Fire Pistol, 25 metres",None
"Susan Elaine ""Sue"" Bradley-Kameli",F,19,167,57.11,65.7479,125.642,20.47760766,CAN,1976,Summer,Montreal,Athletics Women's 100 metres Hurdles,None
"Susan Estelle Sloan (-Smith, -Kelsey)",F,18,171,61.03,67.3227,134.266,20.87137923,CAN,1976,Summer,Montreal,Swimming Women's 100 metres Butterfly,None
Tania Vicent,F,34,168,60.25,66.1416,132.55,21.3470805,CAN,2010,Winter,Vancouver,"Short Track Speed Skating Women's 1,000 metres",None
"Tauna Kay Vandeweghe (-Mullarkey, -Oshea)",F,16,186,69.67,73.2282,153.274,20.13816626,USA,1976,Summer,Montreal,Swimming Women's 100 metres Backstroke,None
Thelma Sonia Wright (Fynn-),F,24,153,48.87,60.2361,107.514,20.87658593,CAN,1976,Summer,Montreal,"Athletics Women's 1,500 metres",None
"Thomas ""Tom"" Guinn",M,31,170,79.44,66.929,174.768,27.48788927,CAN,1976,Summer,Montreal,"Shooting Mixed Free Pistol, 50 metres",None
"Thomas ""Tom"" Morris",M,31,175,75.92,68.8975,167.024,24.79020408,CAN,1976,Summer,Montreal,Cycling Men's 100 kilometres Team Time Trial,None
"Thomas Nicholas ""Tom"" Treinen",M,33,183,68.99,72.0471,151.778,20.60079429,USA,1976,Summer,Montreal,"Shooting Mixed Rapid-Fire Pistol, 25 metres",None
"Thomas Preston ""Tom"" Cushman",M,23,183,76.28,72.0471,167.816,22.77762848,USA,1988,Winter,Calgary,"Speed Skating Men's 1,000 metres",None
"Timothy Andrew ""Tim"" Shaw",M,18,188,89.88,74.0156,197.736,25.43005885,USA,1976,Summer,Montreal,Swimming Men's 400 metres Freestyle,Silver
"Timothy John ""Tim"" Burke",M,28,180,73.97,70.866,162.734,22.83024691,USA,2010,Winter,Vancouver,Biathlon Men's 10 kilometres Sprint,None
Todd Roger Boonstra,M,25,180,75.54,70.866,166.188,23.31481481,USA,1988,Winter,Calgary,Cross Country Skiing Men's 15 kilometres,None
Torin Christian Koos,M,29,188,85.42,74.0156,187.924,24.16817565,USA,2010,Winter,Vancouver,Cross Country Skiing Men's 4 x 10 kilometres Relay,None
Travis Jayner,M,27,185,76.09,72.8345,167.398,22.23228634,USA,2010,Winter,Vancouver,"Short Track Speed Skating Men's 1,000 metres",None
Trevor Marsicano,M,20,172,76.33,67.7164,167.926,25.80110871,USA,2010,Winter,Vancouver,"Speed Skating Men's 1,000 metres",None
Tucker Daniel Fredricks,M,25,170,67.23,66.929,147.906,23.26297578,USA,2010,Winter,Vancouver,Speed Skating Men's 500 metres,None
Valrie Maltais,F,19,165,62.94,64.9605,138.468,23.1184573,CAN,2010,Winter,Vancouver,"Short Track Speed Skating Women's 1,500 metres",None
"Victor Lee ""Vic"" Auer",M,39,175,74.08,68.8975,162.976,24.18938776,USA,1976,Summer,Montreal,"Shooting Mixed Small-Bore Rifle, Prone, 50 metres",None
Wayne Douglas Stetina,M,22,183,77.19,72.0471,169.818,23.04935949,USA,1976,Summer,Montreal,Cycling Men's 100 kilometres Team Time Trial,None
Wayne Dustin,M,22,187,81.83,73.6219,180.026,23.40072636,CAN,1988,Winter,Calgary,Cross Country Skiing Men's 30 kilometres,None
Wendy Carol Koenig-Knudson,F,21,172,55.8,67.7164,122.76,18.86154678,USA,1976,Summer,Montreal,Athletics Women's 800 metres,None
Wendy Elizabeth Cook-Hogg,F,19,175,64.48,68.8975,141.856,21.05469388,CAN,1976,Summer,Montreal,Swimming Women's 100 metres Backstroke,None
Wendy Lee,F,15,172,60.55,67.7164,133.21,20.4671444,CAN,1976,Summer,Montreal,Swimming Women's 400 metres Freestyle,None
Wendy Lou Lansbach Boglioli,F,21,180,65.31,70.866,143.682,20.15740741,USA,1976,Summer,Montreal,Swimming Women's 4 x 100 metres Freestyle Relay,Gold
Wendy Quirk (-Johnson),F,17,173,64.46,68.1101,141.812,21.53763908,CAN,1976,Summer,Montreal,Swimming Women's 400 metres Freestyle,None
"Wendy Weinberg (-Farber, -Weil)",F,18,168,58.34,66.1416,128.348,20.67035147,USA,1976,Summer,Montreal,Swimming Women's 800 metres Freestyle,Bronze
"Wilbur D. ""Willie"" Davenport",M,33,186,85.01,73.2282,187.022,24.57220488,USA,1976,Summer,Montreal,Athletics Men's 110 metres Hurdles,Bronze
"William Kellogg ""Bill"" Carow",M,29,180,68.54,70.866,150.788,21.15432099,USA,1988,Winter,Calgary,Biathlon Men's 10 kilometres Sprint,None
"William Ronald ""Bill"" Forrester, Jr.",M,18,180,79.61,70.866,175.142,24.57098765,USA,1976,Summer,Montreal,Swimming Men's 200 metres Butterfly,Bronze
"William Willard ""Bill"" McMillan",M,47,183,92.12,72.0471,202.664,27.50753979,USA,1976,Summer,Montreal,"Shooting Mixed Rapid-Fire Pistol, 25 metres",None
Wynn Andrew  Roberts,M,21,185,82.98,72.8345,182.556,24.24543462,USA,2010,Winter,Vancouver,Biathlon Men's 20 kilometres,None
Yves Bilodeau,M,26,170,66.08,66.929,145.376,22.8650519,CAN,1988,Winter,Calgary,Cross Country Skiing Men's 15 kilometres,None
Yvonne Saunders (-Mondesire),F,24,165,54.42,64.9605,119.724,19.98898072,CAN,1976,Summer,Montreal,Athletics Women's 800 metres,None
Zina Kocher,F,27,170,61.08,66.929,134.376,21.1349481,CAN,2010,Winter,Vancouver,Biathlon Women's 7.5 kilometres Sprint,None
